variable,coef,se
constant,1.0002015201894343,0.01087589559211971
x,0.5004769390679473,0.0028649939782527103
